LA,Estab,SRBoy19Over,SRGirl19Over,SRBoy18,SRGirl18,SRBoy17,SRGirl17,SRBoy16,SRGirl16,SRBoy15,SRGirl15,SRBoy14,SRGirl14,SRBoy13,SRGirl13,SRBoy12,SRGirl12,SRBoy11,SRGirl11,SRBoy10,SRGirl10,SRBoy9,SRGirl9,SRBoy8,SRGirl8,SRBoy7,SRGirl7,SRBoy6,SRGirl6,SRBoy5,SRGirl5,SRBoy4Upper,SRGirl4Upper,SRBoy4Middle,SRGirl4Middle,SRBoy4Lower,SRGirl4Lower,SRBoy3Upper,SRGirl3Upper,SRBoy3Middle,SRGirl3Middle,SRBoy3Lower,SRGirl3Lower,SRBoy2UnderUpper,SRGirl2UnderUpper,SRBoy2UnderMiddle,SRGirl2UnderMiddle,SRBoy2UnderLower,SRGirl2UnderLower,SRBoySubTot,SRGirlSubTot,PTSRBoy4Upper,PTSRGirl4Upper,PTSRBoy4Middle,PTSRGirl4Middle,PTSRBoy4Lower,PTSRGirl4Lower,PTSRBoy3Upper,PTSRGirl3Upper,PTSRBoy3Middle,PTSRGirl3Middle,PTSRBoy3Lower,PTSRGirl3Lower,PTSRBoy2UnderUpper,PTSRGirl2UnderUpper,PTSRBoy2UnderMiddle,PTSRGirl2UnderMiddle,PTSRBoy2UnderLower,PTSRGirl2UnderLower,PTSRBoySubTot,PTSRGirlSubTot,SRBoyTot,SRGirlTot,laestab,Year
931,7017,null,null,null,null,null,null,null,null,null,null,null,null,null,null,null,null,null,null,null,null,null,null,null,null,null,null,null,null,null,null,null,null,null,null,null,null,null,null,null,null,null,null,null,null,null,null,null,null,0,0,null,null,null,null,null,null,null,null,null,null,null,null,null,null,null,null,null,null,0,0,0,0,9317017,2025
856,5951,null,null,null,null,null,null,null,null,null,1,null,null,null,null,null,null,null,null,null,null,null,null,null,null,null,null,null,null,null,null,null,null,null,null,null,null,null,null,null,null,null,null,null,null,null,null,null,null,0,1,null,null,null,null,null,null,null,null,null,null,null,null,null,null,null,null,null,null,0,0,0,1,8565951,2025
352,7007,0,0,0,0,0,2,0,4,0,2,3,0,1,2,1,1,2,1,1,0,0,0,2,0,0,0,1,0,1,4,0,0,2,0,0,0,0,0,0,0,0,0,0,0,0,0,0,0,14,16,0,0,0,0,0,0,0,0,0,0,0,0,0,0,0,0,0,0,0,0,14,16,3527007,2025
344,7019,null,null,null,null,null,null,null,null,null,1,1,null,null,null,null,1,null,null,null,null,null,null,null,null,null,null,null,null,null,null,null,null,null,null,null,null,null,null,null,null,null,null,null,null,null,null,null,null,1,2,null,null,null,null,null,null,null,null,null,null,null,null,null,null,null,null,null,null,0,0,1,2,3447019,2025
210,7066,null,null,null,null,null,null,1,1,null,null,null,null,null,null,1,null,null,null,null,null,1,null,null,null,1,1,null,null,null,null,null,null,null,1,null,null,1,1,null,null,3,null,null,null,null,null,null,null,8,4,null,null,null,null,null,null,null,null,null,null,null,null,null,null,null,null,null,null,0,0,8,4,2107066,2025
210,7073,null,null,null,1,null,1,null,3,2,2,null,null,null,null,null,null,null,null,null,null,null,null,null,null,null,null,null,null,null,null,null,null,null,null,null,null,null,null,null,null,null,null,null,null,null,null,null,null,2,7,null,null,null,null,null,null,null,null,null,null,null,null,null,null,null,null,null,null,0,0,2,7,2107073,2025
207,7165,1,11,null,2,2,7,1,2,null,4,3,null,null,1,null,1,1,null,1,null,1,null,null,1,null,null,null,1,1,null,null,null,1,null,null,null,null,null,null,null,null,null,null,null,null,null,null,null,12,30,null,null,null,null,null,null,null,null,null,null,null,null,null,null,null,null,null,null,0,0,12,30,2077165,2025
202,7201,null,null,null,null,null,null,null,null,6,2,null,1,null,null,null,null,null,null,null,null,null,null,null,null,null,null,null,null,null,null,null,null,null,null,null,null,null,null,null,null,null,null,null,null,null,null,null,null,6,3,null,null,null,null,null,null,null,null,null,null,null,null,null,null,null,null,null,null,0,0,6,3,2027201,2025
202,5950,null,null,null,null,null,null,null,null,null,null,null,null,null,null,null,null,null,null,null,null,null,null,null,null,null,null,null,null,null,null,null,null,null,null,null,null,null,null,null,null,null,null,null,null,null,null,null,null,0,0,null,null,null,null,null,null,null,null,null,null,null,null,null,null,null,null,null,null,0,0,0,0,2025950,2025
