LA,Estab,DRBoy19Over,DRGirl19Over,DRBoy18,DRGirl18,DRBoy17,DRGirl17,DRBoy16,DRGirl16,DRBoy15,DRGirl15,DRBoy14,DRGirl14,DRBoy13,DRGirl13,DRBoy12,DRGirl12,DRBoy11,DRGirl11,DRBoy10,DRGirl10,DRBoy9,DRGirl9,DRBoy8,DRGirl8,DRBoy7,DRGirl7,DRBoy6,DRGirl6,DRBoy5,DRGirl5,DRBoy4Upper,DRGirl4Upper,DRBoy4Middle,DRGirl4Middle,DRBoy4Lower,DRGirl4Lower,DRBoy3Upper,DRGirl3Upper,DRBoy3Middle,DRGirl3Middle,DRBoy3Lower,DRGirl3Lower,DRBoy2UnderUpper,DRGirl2UnderUpper,DRBoy2UnderMiddle,DRGirl2UnderMiddle,DRBoy2UnderLower,DRGirl2UnderLower,DRBoySubTot,DRGirlSubTot,PTDRBoy4Upper,PTDRGirl4Upper,PTDRBoy4Middle,PTDRGirl4Middle,PTDRBoy4Lower,PTDRGirl4Lower,PTDRBoy3Upper,PTDRGirl3Upper,PTDRBoy3Middle,PTDRGirl3Middle,PTDRBoy3Lower,PTDRGirl3Lower,PTDRBoy2UnderUpper,PTDRGirl2UnderUpper,PTDRBoy2UnderMiddle,PTDRGirl2UnderMiddle,PTDRBoy2UnderLower,PTDRGirl2UnderLower,PTDRBoySubTot,PTDRGirlSubTot,DRBoyTot,DRGirlTot,Year
931,7017,null,null,null,null,null,null,null,null,null,null,null,null,null,null,null,null,null,null,null,null,null,null,null,null,null,null,null,null,null,null,null,null,null,null,null,null,null,null,null,null,null,null,null,null,null,null,null,null,0,0,null,null,null,null,null,null,null,null,null,null,null,null,null,null,null,null,null,null,0,0,0,0,2025
856,5951,null,null,null,null,null,1,1,1,2,28,6,11,6,11,2,3,null,null,1,null,null,1,1,1,null,null,1,null,null,null,null,1,null,null,null,1,null,null,null,null,null,null,null,null,null,null,null,null,20,59,null,null,null,null,null,null,null,null,null,null,null,null,null,null,null,null,null,null,0,0,20,59,2025
352,7007,0,0,0,0,2,1,3,6,19,21,19,20,17,15,16,12,11,7,6,9,7,5,10,4,8,6,6,6,11,7,13,7,4,3,6,1,0,0,0,0,0,0,0,0,0,0,0,0,158,130,0,0,0,0,0,0,0,0,0,0,0,0,0,0,0,0,0,0,0,0,158,130,2025
344,7019,null,null,null,null,null,null,null,null,null,null,null,null,1,null,null,null,null,null,null,null,null,null,null,null,null,null,null,null,null,null,null,null,null,null,null,null,null,null,null,null,null,null,null,null,null,null,null,null,1,0,null,null,null,null,null,null,null,null,null,null,null,null,null,null,null,null,null,null,0,0,1,0,2025
210,7066,null,null,null,null,2,2,3,3,4,8,2,4,4,8,2,2,4,5,2,4,3,5,3,1,2,4,6,4,2,3,null,null,null,null,2,2,null,null,null,null,1,null,null,null,null,null,null,null,42,55,null,null,null,null,null,null,null,null,null,null,null,null,null,null,null,null,null,null,0,0,42,55,2025
210,7073,null,null,null,null,3,3,2,5,5,5,3,2,1,5,null,2,null,null,null,null,null,null,null,null,null,null,null,null,null,null,null,null,null,null,null,null,null,null,null,null,null,null,null,null,null,null,null,null,14,22,null,null,null,null,null,null,null,null,null,null,null,null,null,null,null,null,null,null,0,0,14,22,2025
207,7165,1,2,null,null,2,1,4,4,3,6,3,5,3,6,2,3,2,2,2,1,3,1,2,2,1,null,null,null,1,null,2,null,null,2,null,null,null,null,null,null,null,null,null,null,null,null,null,null,31,35,null,null,null,null,null,null,null,null,null,null,null,null,null,null,null,null,null,null,0,0,31,35,2025
202,7201,null,null,null,null,2,10,3,11,8,6,8,16,null,3,null,null,null,null,null,null,null,null,null,null,null,null,null,null,null,null,null,null,null,null,null,null,null,null,null,null,null,null,null,null,null,null,null,null,21,46,null,null,null,null,null,null,null,null,null,null,null,null,null,null,null,null,null,null,0,0,21,46,2025
202,5950,null,null,null,null,null,null,null,null,null,null,null,null,null,null,null,null,null,null,null,null,null,null,null,null,null,null,null,null,null,null,null,null,null,null,null,null,null,null,null,null,null,null,null,null,null,null,null,null,0,0,null,null,null,null,null,null,null,null,null,null,null,null,null,null,null,null,null,null,0,0,0,0,2025
