Provider.Ukprn,Provider.Urn,Provider.Name,ProviderType.ProviderType,ProviderType.ProviderTypeCode,ProviderType.Store_ProviderType,ProviderType.Store_ProviderTypeCode,ProviderSubType.ProviderSubtype,ProviderSubType.ProviderSubtypeCode,ProviderSubType.Store_ProviderSubtype,ProviderSubType.Store_ProviderSubtypeCode,FurtherEducationType.FurtherEducationType,FurtherEducationType.Code,Authority.Authority,Authority.Code,Provider.DateOpened,Provider.DateClosed,ReasonEstablishmentOpened.ReasonEstablishmentOpened,ReasonEstablishmentOpened.Code,ReasonEstablishmentClosed.ReasonEstablishmentClosed,ReasonEstablishmentClosed.Code,PaymentOrganisation.Name,PaymentOrganisation.Ukprn,PaymentOrganisation.TrustCode,PaymentOrganisation.Urn,PaymentOrganisation.PaymentOrganisationType,PaymentOrganisation.CompanyHouseNumber,PaymentOrganisation.GroupIdNumber,ProviderStatus.ProviderStatus,ProviderStatus.Code,PhaseOfEducation.PhaseOfEducation,PhaseOfEducation.Code,Provider.StatutoryLowAge,Provider.StatutoryHighAge,Provider.EstablishmentNumber,Provider.DfeEstablishmentNumber,Provider.Postcode,Provider.Town,Provider.Street,Provider.Locality,Provider.Address3,TrustStatus.TrustStatus,TrustStatus.Code,Provider.PreviousLaCode,Provider.PreviousLaName,Provider.PreviousEstablishmentNumber,Provider.RscRegionName,Provider.RscRegionCode,Provider.GovernmentOfficeRegionName,Provider.GovernmentOfficeRegionCode,Provider.DistrictName,Provider.DistrictCode,Provider.WardName,Provider.WardCode,Provider.CensusWardName,Provider.CensusWardCode,Provider.MiddleSuperOutputAreaName,Provider.MiddleSuperOutputAreaCode,Provider.LowerSuperOutputAreaName,Provider.LowerSuperOutputAreaCode,Provider.ParliamentaryConstituencyName,Provider.ParliamentaryConstituencyCode,Provider.CountryCode,Provider.CountryName,Provider.OfficialSixthFormCode,Provider.OfficialSixthFormName,Stream,Period
10042333,139837,Abacus Belsize Primary School,Free schools,11,,,Free schools,35,,,Not applicable,00,Camden,202,01/09/2013,,New Provision,06,,99,ANTHEM SCHOOLS TRUST,10058447,2597,,Multi-academy trust,07468210,TR00429,Open,1,Primary,2,4,11,2001,2022001,N1C 4PF,London,Jubilee Waterside Centre,105 Camley Street,,Supported by a multi-academy trust,3,999,,,,,London,H,Camden,E09000007,King's Cross,E05013666,,999999,Camden 019,E02000184,Camden 019D,E01000958,Holborn and St Pancras,E14001290,GB,United Kingdom,2,Does not have a sixth form,PSG,SY2425
10063107,143601,Alderwood Primary School,Academies,10,,,Academy converter,34,,,Not applicable,00,Greenwich,203,01/07/2017,,Academy Converter,10,,99,THE COMPASS PARTNERSHIP OF SCHOOLS,10064633,16726,,Multi-academy trust,10360957,TR03593,Open,1,Primary,2,3,11,2024,2032024,SE9 2JH,London,Rainham Close,Eltham,,Supported by a multi-academy trust,3,999,,,,,London,H,Greenwich,E09000011,Eltham Town & Avery Hill,E05014079,,999999,Greenwich 030,E02000342,Greenwich 030E,E01033729,Eltham and Chislehurst,E14001223,GB,United Kingdom,2,Does not have a sixth form,PSG,SY2425
10054301,131841,Alexander McLeod Primary School,Local authority maintained schools,4,,,Community school,01,,,Not applicable,00,Greenwich,203,01/01/1999,,Not applicable,00,Not applicable,00,ROYAL BOROUGH OF GREENWICH,10003990,,,LA,,,Open,1,Primary,2,5,11,2922,2032922,SE2 0QS,London,Fuchsia Street,,,Not applicable,0,999,,,,,London,H,Greenwich,E09000011,Abbey Wood,E05014072,,999999,Greenwich 008,E02000320,Greenwich 008A,E01001571,Erith and Thamesmead,E14001229,GB,United Kingdom,2,Does not have a sixth form,PSG,SY2425
10078065,100008,Argyle Primary School,Local authority maintained schools,4,,,Community school,01,,,Not applicable,00,Camden,202,,,Not applicable,00,Not applicable,00,CAMDEN LONDON BOROUGH COUNCIL,10003988,,,LA,,,Open,1,Primary,2,3,11,2019,2022019,WC1H 9EG,London,Tonbridge Street,,,Not applicable,0,999,,,,,London,H,Camden,E09000007,King's Cross,E05013666,,999999,Camden 029,E02007115,Camden 029D,E01000941,Holborn and St Pancras,E14001290,GB,United Kingdom,2,Does not have a sixth form,PSG,SY2425
10093013,150068,Bannockburn Primary School,Academies,10,,,Academy converter,34,,,,99,Greenwich,203,01/11/2023,,Academy Converter,10,,99,POLYMAT,10060824,4220,,Multi-academy trust,09078530,TR02708,Open,1,Primary,2,3,11,2028,2032028,SE18 1HE,London,Plumstead High Street,,,Supported by a multi-academy trust,3,999,,,,,London,H,Greenwich,E09000011,Plumstead & Glyndon,E05014087,,999999,Greenwich 006,E02000318,Greenwich 006B,E01001673,Erith and Thamesmead,E14001229,GB,United Kingdom,2,Does not have a sixth form,PSG,SY2425
10079310,100181,Bishop John Robinson Church of England Primary School,Local authority maintained schools,4,,,Voluntary aided school,02,,,Not applicable,00,Greenwich,203,,,Not applicable,00,Not applicable,00,ROYAL BOROUGH OF GREENWICH,10003990,,,LA,,,Open,1,Primary,2,3,11,3668,2033668,SE28 8LW,London,Hoveton Road,Thamesmead,,Not applicable,0,999,,,,,London,H,Greenwich,E09000011,Thamesmead Moorings,E05014090,,999999,Greenwich 002,E02000314,Greenwich 002B,E01001688,Erith and Thamesmead,E14001229,GB,United Kingdom,2,Does not have a sixth form,PSG,SY2425
10092130,149684,Boxgrove Primary School,Academies,10,,,Academy converter,34,,,,99,Greenwich,203,01/10/2023,,Academy Converter,10,,99,THE COMPASS PARTNERSHIP OF SCHOOLS,10064633,16726,,Multi-academy trust,10360957,TR03593,Open,1,Primary,2,3,11,2801,2032801,SE2 9JP,Greenwich,Boxgrove Road,Abbey Wood,,Supported by a multi-academy trust,3,999,,,,,London,H,Greenwich,E09000011,Abbey Wood,E05014072,,999999,Greenwich 003,E02000315,Greenwich 003D,E01001578,Erith and Thamesmead,E14001229,GB,United Kingdom,2,Does not have a sixth form,PSG,SY2425
10073852,100010,Brecknock Primary School,Local authority maintained schools,4,,,Community school,01,,,Not applicable,00,Camden,202,,,Not applicable,00,Not applicable,00,CAMDEN LONDON BOROUGH COUNCIL,10003988,,,LA,,,Open,1,Primary,2,2,11,2065,2022065,NW1 9AL,London,Cliff Villas,Camden,,Not applicable,0,999,,,,,London,H,Camden,E09000007,Camden Square,E05013654,,999999,Camden 015,E02000180,Camden 015E,E01000869,Holborn and St Pancras,E14001290,GB,United Kingdom,2,Does not have a sixth form,PSG,SY2425
10078064,100011,Brookfield Primary School,Local authority maintained schools,4,,,Community school,01,,,Not applicable,00,Camden,202,,,Not applicable,00,Not applicable,00,CAMDEN LONDON BOROUGH COUNCIL,10003988,,,LA,,,Open,1,Primary,2,2,11,2078,2022078,N19 5DH,London,Chester Road,,,Not applicable,0,999,,,,,London,H,Camden,E09000007,Highgate,E05013661,,999999,Camden 001,E02000166,Camden 001B,E01000908,Hampstead and Highgate,E14001265,GB,United Kingdom,2,Does not have a sixth form,PSG,SY2425
10057784,143210,Brooklands Primary School,Academies,10,,,Academy converter,34,,,Not applicable,00,Greenwich,203,01/09/2016,,Academy Converter,10,,99,MARITIME ACADEMY TRUST,10058002,16311,,Multi-academy trust,10264735,TR03442,Open,1,Primary,2,2,11,2790,2032790,SE3 9AB,London,Medebourne Close,Casterbridge Road,,Supported by a multi-academy trust,3,999,,,,,London,H,Greenwich,E09000011,Blackheath Westcombe,E05014073,,999999,Greenwich 034,E02006927,Greenwich 034A,E01001656,Eltham and Chislehurst,E14001223,GB,United Kingdom,2,Does not have a sixth form,PSG,SY2425
10077053,100007,Camden Primary Pupil Referral Unit,Local authority maintained schools,4,,,Pupil referral unit,14,,,Not applicable,00,Camden,202,,,Not applicable,00,Not applicable,00,CAMDEN LONDON BOROUGH COUNCIL,10003988,,,LA,,,Open,1,Not applicable,0,5,11,1101,2021101,NW1 3EX,London,"Robson House, Netley Campus",74 Stanhope Street,,Not applicable,0,999,,,,,London,H,Camden,E09000007,Regent's Park,E05013668,,999999,Camden 023,E02000188,Camden 023F,E01035710,Holborn and St Pancras,E14001290,GB,United Kingdom,0,Not applicable,PSG,SY2425
10078040,100155,Cardwell Primary School,Local authority maintained schools,4,,,Community school,01,,,Not applicable,00,Greenwich,203,,,Not applicable,00,Not applicable,00,ROYAL BOROUGH OF GREENWICH,10003990,,,LA,,,Open,1,Primary,2,3,11,2877,2032877,SE18 5LP,London,118 Frances Street,Woolwich,,Not applicable,0,999,,,,,London,H,Greenwich,E09000011,Woolwich Dockyard,E05014094,,999999,Greenwich 005,E02000317,Greenwich 005A,E01001705,Greenwich and Woolwich,E14001257,GB,United Kingdom,2,Does not have a sixth form,PSG,SY2425
10078036,100164,Charlton Manor Primary School,Local authority maintained schools,4,,,Community school,01,,,Not applicable,00,Greenwich,203,,,Not applicable,00,Not applicable,00,ROYAL BOROUGH OF GREENWICH,10003990,,,LA,,,Open,1,Primary,2,3,11,2917,2032917,SE7 7EF,London,Indus Road,,Charlton,Not applicable,0,999,,,,,London,H,Greenwich,E09000011,Charlton Hornfair,E05014074,,999999,Greenwich 019,E02000331,Greenwich 019B,E01001650,Eltham and Chislehurst,E14001223,GB,United Kingdom,2,Does not have a sixth form,PSG,SY2425
10078054,100115,Cherry Orchard Primary School,Local authority maintained schools,4,,,Community school,01,,,Not applicable,00,Greenwich,203,,,Not applicable,00,Not applicable,00,ROYAL BOROUGH OF GREENWICH,10003990,,,LA,,,Open,1,Primary,2,4,11,2106,2032106,SE7 7DG,London,Rectory Field Crescent,Marlborough Lane,,Not applicable,0,999,,,,,London,H,Greenwich,E09000011,Charlton Hornfair,E05014074,,999999,Greenwich 012,E02000324,Greenwich 012D,E01001595,Greenwich and Woolwich,E14001257,GB,United Kingdom,2,Does not have a sixth form,PSG,SY2425
10074737,100165,Christ Church Church of England Primary School,Local authority maintained schools,4,,,Voluntary aided school,02,,,Not applicable,00,Greenwich,203,,,Not applicable,00,Not applicable,00,ROYAL BOROUGH OF GREENWICH,10003990,,,LA,,,Open,1,Primary,2,4,11,3322,2033322,SE10 0DZ,London,45 Commerell Street,Greenwich,,Not applicable,0,999,,,,,London,H,Greenwich,E09000011,East Greenwich,E05014076,,999999,Greenwich 037,E02006930,Greenwich 037E,E01034183,Greenwich and Woolwich,E14001257,GB,United Kingdom,2,Does not have a sixth form,PSG,SY2425
10076255,100166,"Christ Church Church of England Primary School, Shooters Hill",Local authority maintained schools,4,,,Voluntary aided school,02,,,Not applicable,00,Greenwich,203,,,Not applicable,00,Not applicable,00,ROYAL BOROUGH OF GREENWICH,10003990,,,LA,,,Open,1,Primary,2,5,11,3331,2033331,SE18 3RS,London,Shooters Hill,,,Not applicable,0,999,,,,,London,H,Greenwich,E09000011,Shooters Hill,E05014089,,999999,Greenwich 020,E02000332,Greenwich 020D,E01001682,Erith and Thamesmead,E14001229,GB,United Kingdom,2,Does not have a sixth form,PSG,SY2425
10074742,100028,"Christ Church Primary School, Hampstead",Local authority maintained schools,4,,,Voluntary aided school,02,,,Not applicable,00,Camden,202,,,Not applicable,00,Not applicable,00,CAMDEN LONDON BOROUGH COUNCIL,10003988,,,LA,,,Open,1,Primary,2,4,11,3323,2023323,NW3 1JH,London,Christ Church Hill,,,Not applicable,0,999,,,,,London,H,Camden,E09000007,Hampstead Town,E05013659,,999999,Camden 002,E02000167,Camden 002E,E01000899,Hampstead and Highgate,E14001265,GB,United Kingdom,2,Does not have a sixth form,PSG,SY2425
10079318,100029,Christ Church School,Local authority maintained schools,4,,,Voluntary aided school,02,,,Not applicable,00,Camden,202,,,Not applicable,00,Not applicable,00,CAMDEN LONDON BOROUGH COUNCIL,10003988,,,LA,,,Open,1,Primary,2,3,11,3327,2023327,NW1 4BD,London,Redhill Street,Camden,,Not applicable,0,999,,,,,London,H,Camden,E09000007,Regent's Park,E05013668,,999999,Camden 023,E02000188,Camden 023C,E01000949,Holborn and St Pancras,E14001290,GB,United Kingdom,2,Does not have a sixth form,PSG,SY2425
10078214,130342,Christopher Hatton Primary School,Local authority maintained schools,4,,,Community school,01,,,Not applicable,00,Camden,202,01/01/1996,,Not applicable,00,Not applicable,00,CAMDEN LONDON BOROUGH COUNCIL,10003988,,,LA,,,Open,1,Primary,2,3,11,2842,2022842,EC1R 4PQ,London,38 Laystall Street,,,Not applicable,0,999,,,,,London,H,Camden,E09000007,Holborn & Covent Garden,E05013662,,999999,Camden 027,E02000192,Camden 027D,E01000920,Holborn and St Pancras,E14001290,GB,United Kingdom,2,Does not have a sixth form,PSG,SY2425
10069439,132800,Conway Primary School,Local authority maintained schools,4,,,Community school,01,,,Not applicable,00,Greenwich,203,01/01/2001,,Not applicable,00,Not applicable,00,ROYAL BOROUGH OF GREENWICH,10003990,,,LA,,,Open,1,Primary,2,3,11,2924,2032924,SE18 1QY,London,Gallosson Road,,Plumstead,Not applicable,0,999,,,,,London,H,Greenwich,E09000011,Plumstead & Glyndon,E05014087,,999999,Greenwich 006,E02000318,Greenwich 006D,E01001675,Erith and Thamesmead,E14001229,GB,United Kingdom,2,Does not have a sixth form,PSG,SY2425
10078041,100152,De Lucy Primary School,Local authority maintained schools,4,,,Community school,01,,,Not applicable,00,Greenwich,203,,,Not applicable,00,,99,ROYAL BOROUGH OF GREENWICH,10003990,,,LA,,,Open,1,Primary,2,3,11,2813,2032813,SE2 9PD,London,Cookhill Road,Abbey Wood,,Not applicable,0,999,,,,,London,H,Greenwich,E09000011,Abbey Wood,E05014072,,999999,Greenwich 003,E02000315,Greenwich 003B,E01001576,Erith and Thamesmead,E14001229,GB,United Kingdom,2,Does not have a sixth form,PSG,SY2425
10063108,143599,Deansfield Primary School,Academies,10,,,Academy converter,34,,,Not applicable,00,Greenwich,203,01/07/2017,,Academy Converter,10,,99,THE COMPASS PARTNERSHIP OF SCHOOLS,10064633,16726,,Multi-academy trust,10360957,TR03593,Open,1,Primary,2,3,11,2923,2032923,SE9 1XP,London,Dairsie Road,Eltham,,Supported by a multi-academy trust,3,999,,,,,London,H,Greenwich,E09000011,Eltham Park & Progress,E05014078,,999999,Greenwich 023,E02000335,Greenwich 023B,E01001606,Eltham and Chislehurst,E14001223,GB,United Kingdom,2,Does not have a sixth form,PSG,SY2425
10078197,131109,Discovery Primary School,Local authority maintained schools,4,,,Community school,01,,,Not applicable,00,Greenwich,203,01/09/2007,,New Provision,06,Not applicable,00,ROYAL BOROUGH OF GREENWICH,10003990,,,LA,,,Open,1,Primary,2,3,11,3670,2033670,SE28 0JN,London,Battery Road,,Thamesmead,Not applicable,0,999,,,,,London,H,Greenwich,E09000011,West Thamesmead,E05014091,,999999,Greenwich 002,E02000314,Greenwich 002G,E01033741,Erith and Thamesmead,E14001229,GB,United Kingdom,2,Does not have a sixth form,PSG,SY2425
10077180,100120,Ealdham Primary School,Local authority maintained schools,4,,,Community school,01,,,Not applicable,00,Greenwich,203,,,Not applicable,00,Not applicable,00,ROYAL BOROUGH OF GREENWICH,10003990,,,LA,,,Open,1,Primary,2,3,11,2174,2032174,SE9 6BP,London,Ealdham Square,Eltham,,Not applicable,0,999,,,,,London,H,Greenwich,E09000011,Eltham Page,E05014077,,999999,Greenwich 034,E02006927,Greenwich 034H,E01034176,Eltham and Chislehurst,E14001223,GB,United Kingdom,2,Does not have a sixth form,PSG,SY2425
10078062,100013,Edith Neville Primary School,Local authority maintained schools,4,,,Community school,01,,,Not applicable,00,Camden,202,,,Not applicable,00,Not applicable,00,CAMDEN LONDON BOROUGH COUNCIL,10003988,,,LA,,,Open,1,Primary,2,3,11,2184,2022184,NW1 1HQ,London,85 Polygon Road,,,Not applicable,0,999,,,,,London,H,Camden,E09000007,St Pancras & Somers Town,E05013669,,999999,Camden 022,E02000187,Camden 022G,E01035709,Holborn and St Pancras,E14001290,GB,United Kingdom,2,Does not have a sixth form,PSG,SY2425
10069435,132827,Eglinton Primary School,Local authority maintained schools,4,,,Community school,01,,,Not applicable,00,Greenwich,203,01/04/2001,,Not applicable,00,Not applicable,00,ROYAL BOROUGH OF GREENWICH,10003990,,,LA,,,Open,1,Primary,2,3,11,2925,2032925,SE18 3PY,London,Paget Rise,,,Not applicable,0,999,,,,,London,H,Greenwich,E09000011,Shooters Hill,E05014089,,999999,Greenwich 015,E02000327,Greenwich 015A,E01001698,Greenwich and Woolwich,E14001257,GB,United Kingdom,2,Does not have a sixth form,PSG,SY2425
10078057,100027,Eleanor Palmer Primary School,Local authority maintained schools,4,,,Community school,01,,,Not applicable,00,Camden,202,,,Not applicable,00,Not applicable,00,CAMDEN LONDON BOROUGH COUNCIL,10003988,,,LA,,,Open,1,Primary,2,3,11,2841,2022841,NW5 2JA,London,Lupton Street,Tufnell Park,,Not applicable,0,999,,,,,London,H,Camden,E09000007,Kentish Town North,E05013663,,999999,Camden 003,E02000168,Camden 003C,E01000921,Holborn and St Pancras,E14001290,GB,United Kingdom,2,Does not have a sixth form,PSG,SY2425
10079312,100167,Eltham Church of England Primary School,Local authority maintained schools,4,,,Voluntary aided school,02,,,Not applicable,00,Greenwich,203,,,Not applicable,00,Not applicable,00,ROYAL BOROUGH OF GREENWICH,10003990,,,LA,,,Open,1,Primary,2,3,11,3338,2033338,SE9 1TR,London,Roper Street,Eltham,,Not applicable,0,999,,,,,London,H,Greenwich,E09000011,Eltham Town & Avery Hill,E05014079,,999999,Greenwich 027,E02000339,Greenwich 027D,E01001609,Eltham and Chislehurst,E14001223,GB,United Kingdom,2,Does not have a sixth form,PSG,SY2425
10079317,100030,Emmanuel Church of England Primary School,Local authority maintained schools,4,,,Voluntary aided school,02,,,Not applicable,00,Camden,202,,,Not applicable,00,Not applicable,00,CAMDEN LONDON BOROUGH COUNCIL,10003988,,,LA,,,Open,1,Primary,2,3,11,3340,2023340,NW6 1TF,London,152-158 Mill Lane,West Hampstead,,Not applicable,0,999,,,,,London,H,Camden,E09000007,West Hampstead,E05013671,,999999,Camden 010,E02000175,Camden 010B,E01000970,Hampstead and Highgate,E14001265,GB,United Kingdom,2,Does not have a sixth form,PSG,SY2425
10079731,100026,Fitzjohn's Primary School,Local authority maintained schools,4,,,Community school,01,,,Not applicable,00,Camden,202,,,Not applicable,00,Not applicable,00,CAMDEN LONDON BOROUGH COUNCIL,10003988,,,LA,,,Open,1,Primary,2,3,11,2797,2022797,NW3 6NP,London,86A Fitzjohn's Avenue,,,Not applicable,0,999,,,,,London,H,Camden,E09000007,Hampstead Town,E05013659,,999999,Camden 008,E02000173,Camden 008D,E01000897,Hampstead and Highgate,E14001265,GB,United Kingdom,0,Not applicable,PSG,SY2425
10078061,100014,Fleet Primary School,Local authority maintained schools,4,,,Community school,01,,,Not applicable,00,Camden,202,,,Not applicable,00,Not applicable,00,CAMDEN LONDON BOROUGH COUNCIL,10003988,,,LA,,,Open,1,Primary,2,3,11,2219,2022219,NW3 2QT,London,Fleet Road,,Fleet Primary School,Not applicable,0,999,,,,,London,H,Camden,E09000007,Gospel Oak,E05013658,,999999,Camden 006,E02000171,Camden 006B,E01000887,Hampstead and Highgate,E14001265,GB,United Kingdom,2,Does not have a sixth form,PSG,SY2425
10078053,100125,Fossdene Primary School,Local authority maintained schools,4,,,Community school,01,,,Not applicable,00,Greenwich,203,,,Not applicable,00,Not applicable,00,ROYAL BOROUGH OF GREENWICH,10003990,,,LA,,,Open,1,Primary,2,4,11,2228,2032228,SE7 7NQ,London,Victoria Way,Charlton,,Not applicable,0,999,,,,,London,H,Greenwich,E09000011,Charlton Village & Riverside,E05014075,,999999,Greenwich 014,E02000326,Greenwich 014B,E01001592,Greenwich and Woolwich,E14001257,GB,United Kingdom,2,Does not have a sixth form,PSG,SY2425
10062311,143592,Foxfield Primary School,Academies,10,,,Academy converter,34,,,Not applicable,00,Greenwich,203,01/06/2017,,Academy Converter,10,,99,INSPIRE PARTNERSHIP ACADEMY TRUST,10064647,16696,,Multi-academy trust,10421212,TR03522,Open,1,Primary,2,3,11,2885,2032885,SE18 7EX,London,Sandbach Place,,,Supported by a multi-academy trust,3,999,,,,,London,H,Greenwich,E09000011,Woolwich Common,E05014093,,999999,Greenwich 009,E02000321,Greenwich 009C,E01001634,Erith and Thamesmead,E14001229,GB,United Kingdom,2,Does not have a sixth form,PSG,SY2425
10077052,100091,Frank Barnes School for Deaf Children,Special schools,5,,,Community special school,07,,,Not applicable,00,Camden,202,,,Not applicable,00,Not applicable,00,CAMDEN LONDON BOROUGH COUNCIL,10003988,,,LA,,,Open,1,Not applicable,0,2,11,7008,2027008,N1C 4BT,London,4 Wollstonecraft Street,Kings Cross,,Not applicable,0,999,,,,,London,H,Camden,E09000007,King's Cross,E05013666,,999999,Camden 022,E02000187,Camden 022F,E01035708,Holborn and St Pancras,E14001290,GB,United Kingdom,0,Not applicable,PSG,SY2425
10078052,100126,Gallions Mount Primary School,Local authority maintained schools,4,,,Community school,01,,,Not applicable,00,Greenwich,203,01/01/1900,31/08/2025,Not applicable,00,Closure,02,ROYAL BOROUGH OF GREENWICH,10003990,,,LA,,,Closed,2,Primary,2,3,11,2242,2032242,SE18 1JR,London,Purrett Road,Plumstead,,Not applicable,0,999,,,,,London,H,Greenwich,E09000011,Plumstead & Glyndon,E05014087,,999999,Greenwich 006,E02000318,Greenwich 006E,E01001677,Erith and Thamesmead,E14001229,GB,United Kingdom,2,Does not have a sixth form,PSG,SY2425
10078051,100127,Gordon Primary School,Local authority maintained schools,4,,,Community school,01,,,Not applicable,00,Greenwich,203,,,Not applicable,00,Not applicable,00,ROYAL BOROUGH OF GREENWICH,10003990,,,LA,,,Open,1,Primary,2,3,11,2258,2032258,SE9 1QG,London,Grangehill Road,Eltham,,Not applicable,0,999,,,,,London,H,Greenwich,E09000011,Eltham Park & Progress,E05014078,,999999,Greenwich 027,E02000339,Greenwich 027A,E01001604,Eltham and Chislehurst,E14001223,GB,United Kingdom,2,Does not have a sixth form,PSG,SY2425
10078058,100025,Gospel Oak Primary School,Local authority maintained schools,4,,,Community school,01,,,Not applicable,00,Camden,202,,,Not applicable,00,Not applicable,00,CAMDEN LONDON BOROUGH COUNCIL,10003988,,,LA,,,Open,1,Primary,2,3,11,2775,2022775,NW3 2JB,London,Mansfield Road,,,Not applicable,0,999,,,,,London,H,Camden,E09000007,Gospel Oak,E05013658,,999999,Camden 006,E02000171,Camden 006A,E01000886,Hampstead and Highgate,E14001265,GB,United Kingdom,2,Does not have a sixth form,PSG,SY2425
10065951,145210,Greenacres Primary School and Language Impairment Unit,Academies,10,,,Academy converter,34,,,Not applicable,00,Greenwich,203,01/11/2017,,Academy Converter,10,,99,MARITIME ACADEMY TRUST,10058002,16311,,Multi-academy trust,10264735,TR03442,Open,1,Primary,2,2,11,2266,2032266,SE9 3JN,London,Witherston Way,Eltham,,Supported by a multi-academy trust,3,999,,,,,London,H,Greenwich,E09000011,"Mottingham, Coldharbour & New Eltham",E05014086,,999999,Greenwich 031,E02000343,Greenwich 031C,E01001602,Eltham and Chislehurst,E14001223,GB,United Kingdom,2,Does not have a sixth form,PSG,SY2425
10078037,100162,Greenslade Primary School,Local authority maintained schools,4,,,Community school,01,,,Not applicable,00,Greenwich,203,,,Not applicable,00,Not applicable,00,ROYAL BOROUGH OF GREENWICH,10003990,,,LA,,,Open,1,Primary,2,4,11,2915,2032915,SE18 2QQ,London,Erindale,Plumstead Common,,Not applicable,0,999,,,,,London,H,Greenwich,E09000011,Plumstead Common,E05014088,,999999,Greenwich 017,E02000329,Greenwich 017B,E01001683,Erith and Thamesmead,E14001229,GB,United Kingdom,2,Does not have a sixth form,PSG,SY2425
10078050,100129,Haimo Primary School,Local authority maintained schools,4,,,Community school,01,,,Not applicable,00,Greenwich,203,,,Not applicable,00,Not applicable,00,ROYAL BOROUGH OF GREENWICH,10003990,,,LA,,,Open,1,Primary,2,3,11,2271,2032271,SE9 6DY,London,Haimo Road,Eltham,,Not applicable,0,999,,,,,London,H,Greenwich,E09000011,Eltham Page,E05014077,,999999,Greenwich 025,E02000337,Greenwich 025A,E01001620,Eltham and Chislehurst,E14001223,GB,United Kingdom,2,Does not have a sixth form,PSG,SY2425
10063110,143597,Halstow Primary School,Academies,10,,,Academy converter,34,,,Not applicable,00,Greenwich,203,01/07/2017,,Academy Converter,10,,99,THE COMPASS PARTNERSHIP OF SCHOOLS,10064633,16726,,Multi-academy trust,10360957,TR03593,Open,1,Primary,2,5,11,2275,2032275,SE10 0LD,London,Halstow Road,Greenwich,,Supported by a multi-academy trust,3,999,,,,,London,H,Greenwich,E09000011,East Greenwich,E05014076,,999999,Greenwich 037,E02006930,Greenwich 037C,E01001665,Greenwich and Woolwich,E14001257,GB,United Kingdom,2,Does not have a sixth form,PSG,SY2425
10074741,100031,Hampstead Parochial Church of England Primary School,Local authority maintained schools,4,,,Voluntary aided school,02,,,Not applicable,00,Camden,202,,,Not applicable,00,Not applicable,00,CAMDEN LONDON BOROUGH COUNCIL,10003988,,,LA,,,Open,1,Primary,2,4,11,3352,2023352,NW3 6TX,London,"Hampstead Parochial School , Holly Bush Vale",Hampstead,,Not applicable,0,999,,,,,London,H,Camden,E09000007,Frognal,E05013657,,999999,Camden 004,E02000169,Camden 004B,E01000879,Hampstead and Highgate,E14001265,GB,United Kingdom,2,Does not have a sixth form,PSG,SY2425
10088230,148614,Hawksmoor School,Academies,10,,,Academy sponsor led,28,,,,99,Greenwich,203,01/04/2021,,New Provision,06,,99,ENDEAVOUR PARTNERSHIP TRUST,10064156,16327,,Multi-academy trust,10245189,TR03534,Open,1,Primary,2,3,11,2001,2032001,SE28 8AS,London,Bentham Road,Thamesmead,,Supported by a multi-academy trust,3,999,,,,,London,H,Greenwich,E09000011,Thamesmead Moorings,E05014090,,999999,Greenwich 002,E02000314,Greenwich 002B,E01001688,Erith and Thamesmead,E14001229,GB,United Kingdom,2,Does not have a sixth form,PSG,SY2425
10075421,100015,Hawley Primary School,Local authority maintained schools,4,,,Community school,01,,,Not applicable,00,Camden,202,,,Not applicable,00,Not applicable,00,CAMDEN LONDON BOROUGH COUNCIL,10003988,,,LA,,,Open,1,Primary,2,3,11,2290,2022290,NW1 8RP,London,Hawley Road,,,Not applicable,0,999,,,,,London,H,Camden,E09000007,Camden Town,E05013655,,999999,Camden 019,E02000184,Camden 019A,E01000856,Holborn and St Pancras,E14001290,GB,United Kingdom,2,Does not have a sixth form,PSG,SY2425
10078049,100131,Henwick Primary School,Local authority maintained schools,4,,,Community school,01,,,Not applicable,00,Greenwich,203,,,Not applicable,00,Not applicable,00,ROYAL BOROUGH OF GREENWICH,10003990,,,LA,,,Open,1,Primary,2,3,11,2299,2032299,SE9 6NZ,London,Henwick Road,Eltham,,Not applicable,0,999,,,,,London,H,Greenwich,E09000011,Eltham Page,E05014077,,999999,Greenwich 025,E02000337,Greenwich 025D,E01001624,Eltham and Chislehurst,E14001223,GB,United Kingdom,2,Does not have a sixth form,PSG,SY2425
10078039,100158,Heronsgate Primary School,Local authority maintained schools,4,,,Community school,01,,,Not applicable,00,Greenwich,203,,,Not applicable,00,Not applicable,00,ROYAL BOROUGH OF GREENWICH,10003990,,,LA,,,Open,1,Primary,2,3,11,2900,2032900,SE28 0EA,London,Whinchat Road,,,Not applicable,0,999,,,,,London,H,Greenwich,E09000011,West Thamesmead,E05014091,,999999,Greenwich 007,E02000319,Greenwich 007G,E01033744,Erith and Thamesmead,E14001229,GB,United Kingdom,2,Does not have a sixth form,PSG,SY2425
10074739,100033,"Holy Trinity and Saint Silas CofE Primary School, NW1",Local authority maintained schools,4,,,Voluntary aided school,02,,,Not applicable,00,Camden,202,,,Not applicable,00,Not applicable,00,CAMDEN LONDON BOROUGH COUNCIL,10003988,,,LA,,,Open,1,Primary,2,4,11,3361,2023361,NW1 8DE,London,Hartland Road,,,Not applicable,0,999,,,,,London,H,Camden,E09000007,Camden Town,E05013655,,999999,Camden 019,E02000184,Camden 019A,E01000856,Holborn and St Pancras,E14001290,GB,United Kingdom,2,Does not have a sixth form,PSG,SY2425
10074740,100032,"Holy Trinity CofE Primary School, NW3",Local authority maintained schools,4,,,Voluntary aided school,02,,,Not applicable,00,Camden,202,,,Not applicable,00,Not applicable,00,CAMDEN LONDON BOROUGH COUNCIL,10003988,,,LA,,,Open,1,Primary,2,4,11,3359,2023359,NW3 5SQ,London,Trinity Walk,Maresfield Gardens,,Not applicable,0,999,,,,,London,H,Camden,E09000007,Belsize,E05013652,,999999,Camden 008,E02000173,Camden 008C,E01000883,Hampstead and Highgate,E14001265,GB,United Kingdom,2,Does not have a sixth form,PSG,SY2425
10063109,143598,Horn Park Primary School,Academies,10,,,Academy converter,34,,,Not applicable,00,Greenwich,203,01/07/2017,,Academy Converter,10,,99,THE COMPASS PARTNERSHIP OF SCHOOLS,10064633,16726,,Multi-academy trust,10360957,TR03593,Open,1,Primary,2,4,11,2313,2032313,SE12 9BT,London,Alnwick Road,Lee,,Supported by a multi-academy trust,3,999,,,,,London,H,Greenwich,E09000011,Middle Park & Horn Park,E05014085,,999999,Greenwich 029,E02000341,Greenwich 029B,E01001654,Eltham and Chislehurst,E14001223,GB,United Kingdom,2,Does not have a sixth form,PSG,SY2425
10078048,100134,Invicta Primary School,Local authority maintained schools,4,,,Community school,01,,,Not applicable,00,Greenwich,203,,,Not applicable,00,Not applicable,00,ROYAL BOROUGH OF GREENWICH,10003990,,,LA,,,Open,1,Primary,2,3,11,2325,2032325,SE3 7HE,London,Invicta Road,Greenwich,,Not applicable,0,999,,,,,London,H,Greenwich,E09000011,Blackheath Westcombe,E05014073,,999999,Greenwich 016,E02000328,Greenwich 016A,E01001581,Greenwich and Woolwich,E14001257,GB,United Kingdom,2,Does not have a sixth form,PSG,SY2425
10078187,131246,James Wolfe Primary School and Centre for the Deaf,Local authority maintained schools,4,,,Community school,01,,,Not applicable,00,Greenwich,203,01/09/1997,,Not applicable,00,Not applicable,00,ROYAL BOROUGH OF GREENWICH,10003990,,,LA,,,Open,1,Primary,2,3,11,2921,2032921,SE10 8RZ,London,Royal Hill,,,Not applicable,0,999,,,,,London,H,Greenwich,E09000011,Greenwich Park,E05014081,,999999,Greenwich 038,E02006931,Greenwich 038C,E01001642,Greenwich and Woolwich,E14001257,GB,United Kingdom,2,Does not have a sixth form,PSG,SY2425
10069857,100034,Kentish Town Church of England Primary School,Local authority maintained schools,4,,,Voluntary aided school,02,,,Not applicable,00,Camden,202,,,Not applicable,00,Not applicable,00,CAMDEN LONDON BOROUGH COUNCIL,10003988,,,LA,,,Open,1,Primary,2,3,11,3370,2023370,NW5 2TU,London,Islip Street,,,Not applicable,0,999,,,,,London,H,Camden,E09000007,Kentish Town South,E05013664,,999999,Camden 003,E02000168,Camden 003C,E01000921,Holborn and St Pancras,E14001290,GB,United Kingdom,2,Does not have a sixth form,PSG,SY2425
10092131,149683,Kidbrooke Park Primary School,Academies,10,,,Academy converter,34,,,,99,Greenwich,203,01/10/2023,,Academy Converter,10,,99,THE COMPASS PARTNERSHIP OF SCHOOLS,10064633,16726,,Multi-academy trust,10360957,TR03593,Open,1,Primary,2,3,11,2353,2032353,SE3 8JG,London,202a Holburne Road,,,Supported by a multi-academy trust,3,999,,,,,London,H,Greenwich,E09000011,Kidbrooke Park,E05014083,,999999,Greenwich 022,E02000334,Greenwich 022C,E01001648,Eltham and Chislehurst,E14001223,GB,United Kingdom,2,Does not have a sixth form,PSG,SY2425
10052491,140686,Kings Cross Academy,Academies,10,,,Academy sponsor led,28,,,Not applicable,00,Camden,202,01/09/2015,,New Provision,06,,99,KING'S CROSS ACADEMY TRUST,10060691,15819,,Single-academy trust,08803983,TR02790,Open,1,Primary,2,3,11,2002,2022002,N1C 4BT,London,Plimsoll Building,4 Wollstonecraft Street,,Supported by a single-academy trust,5,999,,,,,London,H,Camden,E09000007,King's Cross,E05013666,,999999,Camden 022,E02000187,Camden 022F,E01035708,Holborn and St Pancras,E14001290,GB,United Kingdom,2,Does not have a sixth form,PSG,SY2425
10073615,132245,Kingsgate Primary School,Local authority maintained schools,4,,,Community school,01,,,Not applicable,00,Camden,202,01/09/2000,,Result of Amalgamation,01,Not applicable,00,CAMDEN LONDON BOROUGH COUNCIL,10003988,,,LA,,,Open,1,Primary,2,3,11,2843,2022843,NW6 4LB,London,Kingsgate Road,,,Not applicable,0,999,,,,,London,H,Camden,E09000007,Kilburn,E05013665,,999999,Camden 013,E02000178,Camden 013C,E01000931,Hampstead and Highgate,E14001265,GB,United Kingdom,2,Does not have a sixth form,PSG,SY2425
10078038,100159,Linton Mead Primary School,Local authority maintained schools,4,,,Community school,01,,,Not applicable,00,Greenwich,203,,,Not applicable,00,Not applicable,00,ROYAL BOROUGH OF GREENWICH,10003990,,,LA,,,Open,1,Primary,2,3,11,2901,2032901,SE28 8DT,London,Central Way,Thamesmead,,Not applicable,0,999,,,,,London,H,Greenwich,E09000011,Thamesmead Moorings,E05014090,,999999,Greenwich 002,E02000314,Greenwich 002B,E01001688,Erith and Thamesmead,E14001229,GB,United Kingdom,2,Does not have a sixth form,PSG,SY2425
10077179,100137,Meridian Primary School,Local authority maintained schools,4,,,Community school,01,,,Not applicable,00,Greenwich,203,,,Not applicable,00,Not applicable,00,ROYAL BOROUGH OF GREENWICH,10003990,,,LA,,,Open,1,Primary,2,3,11,2410,2032410,SE10 9NY,London,Old Woolwich Road,Greenwich,,Not applicable,0,999,,,,,London,H,Greenwich,E09000011,East Greenwich,E05014076,,999999,Greenwich 037,E02006930,Greenwich 037B,E01001664,Greenwich and Woolwich,E14001257,GB,United Kingdom,2,Does not have a sixth form,PSG,SY2425
10075294,130921,Middle Park Primary School,Local authority maintained schools,4,,,Community school,01,,,Not applicable,00,Greenwich,203,01/09/1996,,Not applicable,00,Not applicable,00,ROYAL BOROUGH OF GREENWICH,10003990,,,LA,,,Open,1,Primary,2,3,11,2918,2032918,SE9 5RX,London,Middle Park Avenue,Eltham,,Not applicable,0,999,,,,,London,H,Greenwich,E09000011,Middle Park & Horn Park,E05014085,,999999,Greenwich 029,E02000341,Greenwich 029A,E01001653,Eltham and Chislehurst,E14001223,GB,United Kingdom,2,Does not have a sixth form,PSG,SY2425
10057782,143211,Millennium Primary School,Academies,10,,,Academy converter,34,,,Not applicable,00,Greenwich,203,01/09/2016,,Academy Converter,10,,99,MARITIME ACADEMY TRUST,10058002,16311,,Multi-academy trust,10264735,TR03442,Open,1,Primary,2,3,11,2018,2032018,SE10 0BG,London,50 John Harrison Way,Greenwich,,Supported by a multi-academy trust,3,999,,,,,London,H,Greenwich,E09000011,Greenwich Peninsula,E05014082,,999999,Greenwich 041,E02006993,Greenwich 041E,E01033732,Greenwich and Woolwich,E14001257,GB,United Kingdom,2,Does not have a sixth form,PSG,SY2425
10078043,100149,Montbelle Primary School,Local authority maintained schools,4,,,Community school,01,,,Not applicable,00,Greenwich,203,,,Not applicable,00,Not applicable,00,ROYAL BOROUGH OF GREENWICH,10003990,,,LA,,,Open,1,Primary,2,3,11,2798,2032798,SE9 3EY,London,Milverton Way,Eltham,,Not applicable,0,999,,,,,London,H,Greenwich,E09000011,"Mottingham, Coldharbour & New Eltham",E05014086,,999999,Greenwich 031,E02000343,Greenwich 031D,E01001603,Eltham and Chislehurst,E14001223,GB,United Kingdom,2,Does not have a sixth form,PSG,SY2425
10078055,100114,Morden Mount Primary School,Local authority maintained schools,4,,,Community school,01,,,Not applicable,00,Greenwich,203,,,Not applicable,00,Not applicable,00,ROYAL BOROUGH OF GREENWICH,10003990,,,LA,,,Open,1,Primary,2,3,11,2071,2032071,SE13 7QP,London,Lewisham Road,,,Not applicable,0,999,,,,,London,H,Greenwich,E09000011,Greenwich Park,E05014081,,999999,Greenwich 038,E02006931,Greenwich 038A,E01001638,Greenwich and Woolwich,E14001257,GB,United Kingdom,2,Does not have a sixth form,PSG,SY2425
10069171,100163,Mulgrave Primary School,Local authority maintained schools,4,,,Community school,01,,,Not applicable,00,Greenwich,203,,,Not applicable,00,Not applicable,00,ROYAL BOROUGH OF GREENWICH,10003990,,,LA,,,Open,1,Primary,2,2,11,2916,2032916,SE18 5DL,London,Rectory Place,Woolwich,,Not applicable,0,999,,,,,London,H,Greenwich,E09000011,Woolwich Dockyard,E05014094,,999999,Greenwich 005,E02000317,Greenwich 005A,E01001705,Greenwich and Woolwich,E14001257,GB,United Kingdom,2,Does not have a sixth form,PSG,SY2425
10069172,100018,Netley Primary School,Local authority maintained schools,4,,,Community school,01,,,Not applicable,00,Camden,202,,,Not applicable,00,Not applicable,00,CAMDEN LONDON BOROUGH COUNCIL,10003988,,,LA,,,Open,1,Primary,2,2,11,2436,2022436,NW1 3EX,London,74 Stanhope Street,Camden,,Not applicable,0,999,,,,,London,H,Camden,E09000007,Regent's Park,E05013668,,999999,Camden 023,E02000188,Camden 023F,E01035710,Holborn and St Pancras,E14001290,GB,United Kingdom,2,Does not have a sixth form,PSG,SY2425
10078060,100019,New End Primary School,Local authority maintained schools,4,,,Community school,01,,,Not applicable,00,Camden,202,,,Not applicable,00,Not applicable,00,CAMDEN LONDON BOROUGH COUNCIL,10003988,,,LA,,,Open,1,Primary,2,3,11,2438,2022438,NW3 1HU,London,Streatley Place,Hampstead,,Not applicable,0,999,,,,,London,H,Camden,E09000007,Hampstead Town,E05013659,,999999,Camden 002,E02000167,Camden 002C,E01000895,Hampstead and Highgate,E14001265,GB,United Kingdom,2,Does not have a sixth form,PSG,SY2425
10065954,145215,Nightingale Primary School,Academies,10,,,Academy converter,34,,,Not applicable,00,Greenwich,203,01/11/2017,,Academy Converter,10,,99,MARITIME ACADEMY TRUST,10058002,16311,,Multi-academy trust,10264735,TR03442,Open,1,Primary,2,3,11,2902,2032902,SE18 7JJ,London,Bloomfield Road,Woolwich,,Supported by a multi-academy trust,3,999,,,,,London,H,Greenwich,E09000011,Woolwich Common,E05014093,,999999,Greenwich 011,E02000323,Greenwich 011D,E01001700,Greenwich and Woolwich,E14001257,GB,United Kingdom,2,Does not have a sixth form,PSG,SY2425
10076006,100179,Notre Dame Catholic Primary School,Local authority maintained schools,4,,,Voluntary aided school,02,,,Not applicable,00,Greenwich,203,,31/03/2025,Not applicable,00,Academy Converter,10,ROYAL BOROUGH OF GREENWICH,10003990,,,LA,,,Closed,2,Primary,2,5,11,3662,2033662,SE18 3SJ,London,169 Eglinton Road,,,Not applicable,0,999,,,,,London,H,Greenwich,E09000011,Shooters Hill,E05014089,,999999,Greenwich 015,E02000327,Greenwich 015A,E01001698,Greenwich and Woolwich,E14001257,GB,United Kingdom,2,Does not have a sixth form,PSG,SY2425
10096788,151400,Notre Dame Catholic Primary School,Academies,10,,,Academy converter,34,,,,99,Greenwich,203,01/04/2025,,Academy Converter,10,,99,ST OSCAR ROMERO CATHOLIC ACADEMY TRUST,10088706,17515,,Multi-academy trust,13260387,TR03988,Open,1,Primary,2,5,11,3662,2033662,SE18 3SJ,London,169 Eglinton Road,,,Supported by a multi-academy trust,3,999,,,,,London,H,Greenwich,E09000011,Shooters Hill,E05014089,,999999,Greenwich 015,E02000327,Greenwich 015A,E01001698,Greenwich and Woolwich,E14001257,GB,United Kingdom,2,Does not have a sixth form,PSG,SY2425
10076013,100168,Our Lady of Grace Catholic Primary School,Local authority maintained schools,4,,,Voluntary aided school,02,,,Not applicable,00,Greenwich,203,,,Not applicable,00,Not applicable,00,ROYAL BOROUGH OF GREENWICH,10003990,,,LA,,,Open,1,Primary,2,4,11,3382,2033382,SE7 7HR,London,16 Highcombe,Charlton,,Not applicable,0,999,,,,,London,H,Greenwich,E09000011,Charlton Hornfair,E05014074,,999999,Greenwich 014,E02000326,Greenwich 014D,E01001594,Greenwich and Woolwich,E14001257,GB,United Kingdom,2,Does not have a sixth form,PSG,SY2425
10076014,100048,Our Lady Roman Catholic Primary School,Local authority maintained schools,4,,,Voluntary aided school,02,,,Not applicable,00,Camden,202,,,Not applicable,00,Not applicable,00,CAMDEN LONDON BOROUGH COUNCIL,10003988,,,LA,,,Open,1,Primary,2,3,11,3655,2023655,NW1 0DP,London,Pratt Street,Camden,,Not applicable,0,999,,,,,London,H,Camden,E09000007,St Pancras & Somers Town,E05013669,,999999,Camden 019,E02000184,Camden 019B,E01000861,Holborn and St Pancras,E14001290,GB,United Kingdom,2,Does not have a sixth form,PSG,SY2425
10078046,100140,Plumcroft Primary School,Local authority maintained schools,4,,,Community school,01,,,Not applicable,00,Greenwich,203,,,Not applicable,00,Not applicable,00,ROYAL BOROUGH OF GREENWICH,10003990,,,LA,,,Open,1,Primary,2,3,11,2471,2032471,SE18 3HW,London,Plum Lane,Plumstead,Plumcroft Primary School,Not applicable,0,999,,,,,London,H,Greenwich,E09000011,Shooters Hill,E05014089,,999999,Greenwich 020,E02000332,Greenwich 020C,E01001681,Erith and Thamesmead,E14001229,GB,United Kingdom,2,Does not have a sixth form,PSG,SY2425
10073851,100020,Primrose Hill School,Local authority maintained schools,4,,,Community school,01,,,Not applicable,00,Camden,202,,,Not applicable,00,Not applicable,00,CAMDEN LONDON BOROUGH COUNCIL,10003988,,,LA,,,Open,1,Primary,2,2,11,2475,2022475,NW1 8JL,London,Princess Road,,,Not applicable,0,999,,,,,London,H,Camden,E09000007,Primrose Hill,E05013667,,999999,Camden 018,E02000183,Camden 018E,E01000862,Holborn and St Pancras,E14001290,GB,United Kingdom,2,Does not have a sixth form,PSG,SY2425
10077182,100021,Rhyl Community Primary School,Local authority maintained schools,4,,,Community school,01,,,Not applicable,00,Camden,202,,,Not applicable,00,Not applicable,00,CAMDEN LONDON BOROUGH COUNCIL,10003988,,,LA,,,Open,1,Primary,2,2,11,2502,2022502,NW5 3HB,London,Rhyl Street,,,Not applicable,0,999,,,,,London,H,Camden,E09000007,Haverstock,E05013660,,999999,Camden 012,E02000177,Camden 012A,E01000900,Holborn and St Pancras,E14001290,GB,United Kingdom,2,Does not have a sixth form,PSG,SY2425
10078059,100022,Richard Cobden Primary School,Local authority maintained schools,4,,,Community school,01,,,Not applicable,00,Camden,202,,,Not applicable,00,Not applicable,00,CAMDEN LONDON BOROUGH COUNCIL,10003988,,,LA,,,Open,1,Primary,2,3,11,2507,2022507,NW1 0LL,London,Camden Street,,,Not applicable,0,999,,,,,London,H,Camden,E09000007,St Pancras & Somers Town,E05013669,,999999,Camden 019,E02000184,Camden 019E,E01000959,Holborn and St Pancras,E14001290,GB,United Kingdom,2,Does not have a sixth form,PSG,SY2425
10062310,143593,Rockliffe Manor Primary School,Academies,10,,,Academy converter,34,,,Not applicable,00,Greenwich,203,01/06/2017,,Academy Converter,10,,99,INSPIRE PARTNERSHIP ACADEMY TRUST,10064647,16696,,Multi-academy trust,10421212,TR03522,Open,1,Primary,2,3,11,2804,2032804,SE18 2NP,London,Bassant Road,,,Supported by a multi-academy trust,3,999,,,,,London,H,Greenwich,E09000011,Plumstead Common,E05014088,,999999,Greenwich 033,E02006786,Greenwich 033B,E01001671,Erith and Thamesmead,E14001229,GB,United Kingdom,2,Does not have a sixth form,PSG,SY2425
10076020,100035,Rosary Catholic Primary School,Local authority maintained schools,4,,,Voluntary aided school,02,,,Not applicable,00,Camden,202,,,Not applicable,00,Not applicable,00,CAMDEN LONDON BOROUGH COUNCIL,10003988,,,LA,,,Open,1,Primary,2,3,11,3391,2023391,NW3 2AE,London,238 Haverstock Hill,Hampstead,,Not applicable,0,999,,,,,London,H,Camden,E09000007,Gospel Oak,E05013658,,999999,Camden 008,E02000173,Camden 008E,E01000898,Hampstead and Highgate,E14001265,GB,United Kingdom,2,Does not have a sixth form,PSG,SY2425
10017496,100094,Royal Free Hospital Children's School,Special schools,5,,,Community special school,07,,,Not applicable,00,Camden,202,,,Not applicable,00,Not applicable,00,CAMDEN LONDON BOROUGH COUNCIL,10003988,,,LA,,,Open,1,Not applicable,0,5,16,7201,2027201,NW3 2QG,London,Floor 6 - 6 West B,Pond Street,,Not applicable,0,999,,,,,London,H,Camden,E09000007,Gospel Oak,E05013658,,999999,Camden 008,E02000173,Camden 008E,E01000898,Hampstead and Highgate,E14001265,GB,United Kingdom,2,Does not have a sixth form,PSG,SY2425
10068732,100171,Saint Mary Magdalene Church of England All Through School,Local authority maintained schools,4,,,Voluntary aided school,02,,,Not applicable,00,Greenwich,203,,,Not applicable,00,Not applicable,00,ROYAL BOROUGH OF GREENWICH,10003990,,,LA,,,Open,1,All-through,7,3,18,3526,2033526,SE18 5PW,London,Kingsman Street,,,Not applicable,0,999,,,,,London,H,Greenwich,E09000011,Woolwich Dockyard,E05014094,,999999,Greenwich 042,E02006994,Greenwich 042B,E01033737,Greenwich and Woolwich,E14001257,GB,United Kingdom,1,Has a sixth form,PSG,SY2425
10078045,100141,Sherington Primary School,Local authority maintained schools,4,,,Community school,01,,,Not applicable,00,Greenwich,203,,,Not applicable,00,Not applicable,00,ROYAL BOROUGH OF GREENWICH,10003990,,,LA,,,Open,1,Primary,2,3,11,2552,2032552,SE7 7JP,London,Wyndcliff Road,Charlton,Wyndcliff Road,Not applicable,0,999,,,,,London,H,Greenwich,E09000011,Charlton Hornfair,E05014074,,999999,Greenwich 014,E02000326,Greenwich 014C,E01001593,Greenwich and Woolwich,E14001257,GB,United Kingdom,2,Does not have a sixth form,PSG,SY2425
10063111,143596,South Rise Primary School,Academies,10,,,Academy converter,34,,,Not applicable,00,Greenwich,203,01/07/2017,,Academy Converter,10,,99,THE COMPASS PARTNERSHIP OF SCHOOLS,10064633,16726,,Multi-academy trust,10360957,TR03593,Open,1,Primary,2,3,11,2920,2032920,SE18 7PX,London,Brewery Road,Plumstead,,Supported by a multi-academy trust,3,999,,,,,London,H,Greenwich,E09000011,Plumstead & Glyndon,E05014087,,999999,Greenwich 007,E02000319,Greenwich 007C,E01001632,Erith and Thamesmead,E14001229,GB,United Kingdom,2,Does not have a sixth form,PSG,SY2425
10079316,100036,St Alban's Church of England Primary School,Local authority maintained schools,4,,,Voluntary aided school,02,,,Not applicable,00,Camden,202,,,Not applicable,00,Not applicable,00,CAMDEN LONDON BOROUGH COUNCIL,10003988,,,LA,,,Open,1,Primary,2,3,11,3398,2023398,EC1N 7SD,London,Baldwins Gardens,Holborn,,Not applicable,0,999,,,,,London,H,Camden,E09000007,Holborn & Covent Garden,E05013662,,999999,Camden 027,E02000192,Camden 027C,E01000917,Holborn and St Pancras,E14001290,GB,United Kingdom,2,Does not have a sixth form,PSG,SY2425
10079311,100174,St Alfege with St Peter's Church of England Primary School,Local authority maintained schools,4,,,Voluntary aided school,02,,,Not applicable,00,Greenwich,203,,,Not applicable,00,Not applicable,00,ROYAL BOROUGH OF GREENWICH,10003990,,,LA,,,Open,1,Primary,2,3,11,3577,2033577,SE10 9RB,London,Creek Road,Greenwich,,Not applicable,0,999,,,,,London,H,Greenwich,E09000011,Greenwich Creekside,E05014080,,999999,Greenwich 035,E02006928,Greenwich 035F,E01034179,Greenwich and Woolwich,E14001257,GB,United Kingdom,2,Does not have a sixth form,PSG,SY2425
10076015,100047,St Eugene de Mazenod Roman Catholic Primary School,Local authority maintained schools,4,,,Voluntary aided school,02,,,Not applicable,00,Camden,202,,,Not applicable,00,Not applicable,00,CAMDEN LONDON BOROUGH COUNCIL,10003988,,,LA,,,Open,1,Primary,2,4,11,3649,2023649,NW6 4LS,London,Mazenod Avenue,,,Not applicable,0,999,,,,,London,H,Camden,E09000007,Kilburn,E05013665,,999999,Camden 020,E02000185,Camden 020C,E01000933,Hampstead and Highgate,E14001265,GB,United Kingdom,2,Does not have a sixth form,PSG,SY2425
10079315,100040,St George the Martyr Church of England Primary School,Local authority maintained schools,4,,,Voluntary aided school,02,,,Not applicable,00,Camden,202,,,Not applicable,00,Not applicable,00,CAMDEN LONDON BOROUGH COUNCIL,10003988,,,LA,,,Open,1,Primary,2,3,11,3441,2023441,WC1N 2NX,London,John's Mews,,,Not applicable,0,999,,,,,London,H,Camden,E09000007,Holborn & Covent Garden,E05013662,,999999,Camden 027,E02000192,Camden 027D,E01000920,Holborn and St Pancras,E14001290,GB,United Kingdom,2,Does not have a sixth form,PSG,SY2425
10076017,100041,St Josephs Catholic Primary School,Local authority maintained schools,4,,,Voluntary aided school,02,,,Not applicable,00,Camden,202,,,Not applicable,00,Not applicable,00,CAMDEN LONDON BOROUGH COUNCIL,10003988,,,LA,,,Open,1,Primary,2,3,11,3482,2023482,WC2B 5NA,London,Macklin Street,Covent Garden,,Not applicable,0,999,,,,,London,H,Camden,E09000007,Holborn & Covent Garden,E05013662,,999999,Camden 028,E02000193,Camden 028C,E01000918,Holborn and St Pancras,E14001290,GB,United Kingdom,2,Does not have a sixth form,PSG,SY2425
10076012,100169,St Joseph's Catholic Primary School,Local authority maintained schools,4,,,Voluntary aided school,02,,,Not applicable,00,Greenwich,203,,,Not applicable,00,Not applicable,00,ROYAL BOROUGH OF GREENWICH,10003990,,,LA,,,Open,1,Primary,2,4,11,3481,2033481,SE10 9AN,London,Commerell Street,Greenwich,,Not applicable,0,999,,,,,London,H,Greenwich,E09000011,East Greenwich,E05014076,,999999,Greenwich 037,E02006930,Greenwich 037G,E01034185,Greenwich and Woolwich,E14001257,GB,United Kingdom,2,Does not have a sixth form,PSG,SY2425
10035320,136807,St Luke's Church of England School,Free schools,11,,,Free schools,35,,,Not applicable,00,Camden,202,12/09/2011,,New Provision,06,,99,ST LUKE'S CHURCH OF ENGLAND SCHOOL,10058418,4731,,Single-academy trust,07451568,TR02095,Open,1,Primary,2,4,11,2000,2022000,NW3 7SU,London,Kidderpore Avenue,,,Supported by a single-academy trust,5,999,,,,,London,H,Camden,E09000007,Frognal,E05013657,,999999,Camden 004,E02000169,Camden 004A,E01000878,Hampstead and Highgate,E14001265,GB,United Kingdom,2,Does not have a sixth form,PSG,SY2425
10076005,100180,St Margaret Clitherow Catholic Primary School,Local authority maintained schools,4,,,Voluntary aided school,02,,,Not applicable,00,Greenwich,203,,,Not applicable,00,Not applicable,00,ROYAL BOROUGH OF GREENWICH,10003990,,,LA,,,Open,1,Primary,2,3,11,3666,2033666,SE28 8GB,London,Cole Close,Thamesmead,,Not applicable,0,999,,,,,London,H,Greenwich,E09000011,Thamesmead Moorings,E05014090,,999999,Greenwich 001,E02000313,Greenwich 001D,E01001694,Erith and Thamesmead,E14001229,GB,United Kingdom,2,Does not have a sixth form,PSG,SY2425
10069856,100170,St Margaret's Church of England Primary School,Local authority maintained schools,4,,,Voluntary aided school,02,,,Not applicable,00,Greenwich,203,,,Not applicable,00,Not applicable,00,ROYAL BOROUGH OF GREENWICH,10003990,,,LA,,,Open,1,Primary,2,3,11,3500,2033500,SE18 7RL,London,St Margaret's Grove,Plumstead,,Not applicable,0,999,,,,,London,H,Greenwich,E09000011,Woolwich Common,E05014093,,999999,Greenwich 009,E02000321,Greenwich 009B,E01001633,Erith and Thamesmead,E14001229,GB,United Kingdom,2,Does not have a sixth form,PSG,SY2425
10079313,100043,St Mary and St Pancras Church of England Primary School,Local authority maintained schools,4,,,Voluntary aided school,02,,,Not applicable,00,Camden,202,,,Not applicable,00,Not applicable,00,CAMDEN LONDON BOROUGH COUNCIL,10003988,,,LA,,,Open,1,Primary,2,3,11,3521,2023521,NW1 1QP,London,81 Werrington Street,,,Not applicable,0,999,,,,,London,H,Camden,E09000007,St Pancras & Somers Town,E05013669,,999999,Camden 022,E02000187,Camden 022D,E01000955,Holborn and St Pancras,E14001290,GB,United Kingdom,2,Does not have a sixth form,PSG,SY2425
10063060,144091,St Mary's Catholic Primary School,Academies,10,,,Academy converter,34,,,Not applicable,00,Greenwich,203,01/07/2017,,Academy Converter,10,,99,ST OSCAR ROMERO CATHOLIC ACADEMY TRUST,10088706,17515,,Multi-academy trust,13260387,TR03988,Open,1,Primary,2,3,11,3535,2033535,SE9 1UF,London,Glenure Road,Eltham,,Supported by a multi-academy trust,3,999,,,,,London,H,Greenwich,E09000011,Eltham Town & Avery Hill,E05014079,,999999,Greenwich 027,E02000339,Greenwich 027C,E01001608,Eltham and Chislehurst,E14001223,GB,United Kingdom,2,Does not have a sixth form,PSG,SY2425
10079314,100042,St Mary's Kilburn Church of England Primary School,Local authority maintained schools,4,,,Voluntary aided school,02,,,Not applicable,00,Camden,202,,,Not applicable,00,Not applicable,00,CAMDEN LONDON BOROUGH COUNCIL,10003988,,,LA,,,Open,1,Primary,2,3,11,3517,2023517,NW6 4PG,London,Quex Road,Kilburn,,Not applicable,0,999,,,,,London,H,Camden,E09000007,Kilburn,E05013665,,999999,Camden 020,E02000185,Camden 020C,E01000933,Hampstead and Highgate,E14001265,GB,United Kingdom,2,Does not have a sixth form,PSG,SY2425
10076011,100173,St Patrick's Catholic Primary School,Local authority maintained schools,4,,,Voluntary aided school,02,,,Not applicable,00,Greenwich,203,,,Not applicable,00,Not applicable,00,ROYAL BOROUGH OF GREENWICH,10003990,,,LA,,,Open,1,Primary,2,3,11,3561,2033561,SE18 7QG,London,"St Patrick's Catholic Primary School,Griffin Road",Plumstead,,Not applicable,0,999,,,,,London,H,Greenwich,E09000011,Plumstead & Glyndon,E05014087,,999999,Greenwich 007,E02000319,Greenwich 007B,E01001631,Erith and Thamesmead,E14001229,GB,United Kingdom,2,Does not have a sixth form,PSG,SY2425
10076016,100045,St Patrick's Catholic Primary School,Local authority maintained schools,4,,,Voluntary aided school,02,,,Not applicable,00,Camden,202,,,Not applicable,00,Not applicable,00,CAMDEN LONDON BOROUGH COUNCIL,10003988,,,LA,,,Open,1,Primary,2,3,11,3560,2023560,NW5 3AH,London,Holmes Road,,,Not applicable,0,999,,,,,London,H,Camden,E09000007,Kentish Town South,E05013664,,999999,Camden 007,E02000172,Camden 007E,E01000922,Holborn and St Pancras,E14001290,GB,United Kingdom,2,Does not have a sixth form,PSG,SY2425
10074738,100046,St Paul's Church of England Primary School,Local authority maintained schools,4,,,Voluntary aided school,02,,,Not applicable,00,Camden,202,,,Not applicable,00,Not applicable,00,CAMDEN LONDON BOROUGH COUNCIL,10003988,,,LA,,,Open,1,Primary,2,4,11,3568,2023568,NW3 3DS,London,Elsworthy Road,Primrose Hill,,Not applicable,0,999,,,,,London,H,Camden,E09000007,Primrose Hill,E05013667,,999999,Camden 017,E02000182,Camden 017D,E01000967,Hampstead and Highgate,E14001265,GB,United Kingdom,2,Does not have a sixth form,PSG,SY2425
10076010,100175,St Peter's Catholic Primary School,Local authority maintained schools,4,,,Voluntary aided school,02,,,Not applicable,00,Greenwich,203,,,Not applicable,00,Not applicable,00,ROYAL BOROUGH OF GREENWICH,10003990,,,LA,,,Open,1,Primary,2,5,11,3585,2033585,SE18 7BN,London,Crescent Road,,,Not applicable,0,999,,,,,London,H,Greenwich,E09000011,Woolwich Common,E05014093,,999999,Greenwich 011,E02000323,Greenwich 011C,E01001697,Greenwich and Woolwich,E14001257,GB,United Kingdom,2,Does not have a sixth form,PSG,SY2425
10076008,100177,St Thomas A Becket Roman Catholic Primary School,Local authority maintained schools,4,,,Voluntary aided school,02,,,Not applicable,00,Greenwich,203,,,Not applicable,00,Not applicable,00,ROYAL BOROUGH OF GREENWICH,10003990,,,LA,,,Open,1,Primary,2,3,11,3632,2033632,SE2 9LY,London,Mottisfont Road,Abbey Wood,,Not applicable,0,999,,,,,London,H,Greenwich,E09000011,Abbey Wood,E05014072,,999999,Greenwich 003,E02000315,Greenwich 003E,E01001579,Erith and Thamesmead,E14001229,GB,United Kingdom,2,Does not have a sixth form,PSG,SY2425
10076009,100176,St Thomas More Catholic Primary School,Local authority maintained schools,4,,,Voluntary aided school,02,,,Not applicable,00,Greenwich,203,,,Not applicable,00,Not applicable,00,ROYAL BOROUGH OF GREENWICH,10003990,,,LA,,,Open,1,Primary,2,4,11,3604,2033604,SE9 6NS,London,Appleton Road,Eltham,,Not applicable,0,999,,,,,London,H,Greenwich,E09000011,Eltham Page,E05014077,,999999,Greenwich 025,E02000337,Greenwich 025D,E01001624,Eltham and Chislehurst,E14001223,GB,United Kingdom,2,Does not have a sixth form,PSG,SY2425
10017655,100096,Swiss Cottage School - Development & Research Centre,Special schools,5,,,Community special school,07,,,Not applicable,00,Camden,202,,,Not applicable,00,Not applicable,00,CAMDEN LONDON BOROUGH COUNCIL,10003988,,,LA,,,Open,1,Not applicable,0,4,19,7205,2027205,NW8 6HX,London,80 Avenue Road,,,Not applicable,0,999,,,,,London,H,Camden,E09000007,Primrose Hill,E05013667,,999999,Camden 017,E02000182,Camden 017C,E01000963,Hampstead and Highgate,E14001265,GB,United Kingdom,1,Has a sixth form,PSG,SY2425
10079319,100000,The Aldgate School,Local authority maintained schools,4,,,Voluntary aided school,02,,,Not applicable,00,City of London,201,,,Not applicable,00,Not applicable,00,COMMON COUNCIL OF THE CITY OF LONDON,10008915,,,LA,,,Open,1,Primary,2,3,11,3614,2013614,EC3A 5DE,London,St James's Passage,Duke's Place,,Not applicable,0,999,,,,,London,H,City of London,E09000001,Portsoken,E05009308,,999999,City of London 001,E02000001,City of London 001F,E01032739,Cities of London and Westminster,E14001172,GB,United Kingdom,2,Does not have a sixth form,PSG,SY2425
10077178,100142,Thorntree Primary School,Local authority maintained schools,4,,,Community school,01,,,Not applicable,00,Greenwich,203,,,Not applicable,00,Not applicable,00,ROYAL BOROUGH OF GREENWICH,10003990,,,LA,,,Open,1,Primary,2,4,11,2598,2032598,SE7 8AE,London,Thorntree Road,Charlton,,Not applicable,0,999,,,,,London,H,Greenwich,E09000011,Charlton Village & Riverside,E05014075,,999999,Greenwich 012,E02000324,Greenwich 012B,E01001589,Greenwich and Woolwich,E14001257,GB,United Kingdom,2,Does not have a sixth form,PSG,SY2425
10057776,143209,Timbercroft Primary School,Academies,10,,,Academy converter,34,,,Not applicable,00,Greenwich,203,01/09/2016,,Academy Converter,10,,99,MARITIME ACADEMY TRUST,10058002,16311,,Multi-academy trust,10264735,TR03442,Open,1,Primary,2,3,11,2919,2032919,SE18 2SG,London,Timbercroft Lane,Plumstead,,Supported by a multi-academy trust,3,999,,,,,London,H,Greenwich,E09000011,Plumstead Common,E05014088,,999999,Greenwich 017,E02000329,Greenwich 017D,E01001685,Erith and Thamesmead,E14001229,GB,United Kingdom,2,Does not have a sixth form,PSG,SY2425
10077181,100023,Torriano Primary School,Local authority maintained schools,4,,,Community school,01,,,Not applicable,00,Camden,202,,,Not applicable,00,Not applicable,00,CAMDEN LONDON BOROUGH COUNCIL,10003988,,,LA,,,Open,1,Primary,2,3,11,2603,2022603,NW5 2SJ,London,Torriano Avenue,Kentish Town,,Not applicable,0,999,,,,,London,H,Camden,E09000007,Kentish Town South,E05013664,,999999,Camden 009,E02000174,Camden 009E,E01000926,Holborn and St Pancras,E14001290,GB,United Kingdom,2,Does not have a sixth form,PSG,SY2425
10069431,133401,Waterside School,Special schools,5,,,Community special school,07,,,Not applicable,00,Greenwich,203,01/09/2001,,Not applicable,00,Not applicable,00,ROYAL BOROUGH OF GREENWICH,10003990,,,LA,,,Open,1,Not applicable,0,5,11,7200,2037200,SE18 7NB,London,Robert Street,,,Not applicable,0,999,,,,,London,H,Greenwich,E09000011,Plumstead & Glyndon,E05014087,,999999,Greenwich 009,E02000321,Greenwich 009C,E01001634,Erith and Thamesmead,E14001229,GB,United Kingdom,0,Not applicable,PSG,SY2425
10077183,100009,West Hampstead Primary School,Local authority maintained schools,4,,,Community school,01,,,Not applicable,00,Camden,202,,,Not applicable,00,Not applicable,00,CAMDEN LONDON BOROUGH COUNCIL,10003988,,,LA,,,Open,1,Primary,2,3,11,2036,2022036,NW6 1QL,London,Dornfell Street,West Hampstead,,Not applicable,0,999,,,,,London,H,Camden,E09000007,Fortune Green,E05013656,,999999,Camden 005,E02000170,Camden 005C,E01000873,Hampstead and Highgate,E14001265,GB,United Kingdom,2,Does not have a sixth form,PSG,SY2425
10061511,143595,Willow Dene School,Academies,10,,,Academy special converter,44,,,Not applicable,00,Greenwich,203,01/07/2017,,Academy Converter,10,,99,THE COMPASS PARTNERSHIP OF SCHOOLS,10064633,16726,,Multi-academy trust,10360957,TR03593,Open,1,Not applicable,0,2,19,7201,2037201,SE18 2JD,Plumstead,Swingate Lane,,,Supported by a multi-academy trust,3,999,,,,,London,H,Greenwich,E09000011,Plumstead Common,E05014088,,999999,Greenwich 017,E02000329,Greenwich 017A,E01001678,Erith and Thamesmead,E14001229,GB,United Kingdom,1,Has a sixth form,PSG,SY2425
10096416,151311,Windrush Charlton Primary School,Academies,10,,,Academy converter,34,,,,99,Greenwich,203,01/09/2024,,Split school,08,,99,ENDEAVOUR PARTNERSHIP TRUST,10064156,16327,,Multi-academy trust,10245189,TR03534,Open,1,Primary,2,4,11,2002,2032002,SE7 8FE,London,775 Woolwich Road,,,Supported by a multi-academy trust,3,999,,,,,London,H,Greenwich,E09000011,Charlton Village & Riverside,E05014075,,999999,Greenwich 042,E02006994,Greenwich 042C,E01034198,Greenwich and Woolwich,E14001257,GB,United Kingdom,2,Does not have a sixth form,PSG,SY2425
10057444,143079,Windrush Thamesmead Primary School,Academies,10,,,Academy converter,34,,,Not applicable,00,Greenwich,203,01/09/2016,,Academy Converter,10,,99,ENDEAVOUR PARTNERSHIP TRUST,10064156,16327,,Multi-academy trust,10245189,TR03534,Open,1,Primary,2,3,11,2890,2032890,SE28 8AR,London,2 Bentham Road,Thamesmead,,Supported by a multi-academy trust,3,999,,,,,London,H,Greenwich,E09000011,Thamesmead Moorings,E05014090,,999999,Greenwich 001,E02000313,Greenwich 001C,E01001693,Erith and Thamesmead,E14001229,GB,United Kingdom,2,Does not have a sixth form,PSG,SY2425
10088231,148615,Wingfield Primary School,Academies,10,,,Academy converter,34,,,,99,Greenwich,203,01/04/2021,,Academy Converter,10,,99,THE COMPASS PARTNERSHIP OF SCHOOLS,10064633,16726,,Multi-academy trust,10360957,TR03593,Open,1,Primary,2,3,11,2851,2032851,SE3 9GJ,London,Ensign Street,,,Supported by a multi-academy trust,3,999,,,,,London,H,Greenwich,E09000011,Kidbrooke Village & Sutcliffe,E05014084,,999999,Greenwich 034,E02006927,Greenwich 034F,E01034174,Eltham and Chislehurst,E14001223,GB,United Kingdom,2,Does not have a sixth form,PSG,SY2425
10062309,143594,Woodhill Primary School,Academies,10,,,Academy converter,34,,,Not applicable,00,Greenwich,203,01/06/2017,,Academy Converter,10,,99,INSPIRE PARTNERSHIP ACADEMY TRUST,10064647,16696,,Multi-academy trust,10421212,TR03522,Open,1,Primary,2,3,11,2656,2032656,SE18 5JE,London,Woodhill,,,Supported by a multi-academy trust,3,999,,,,,London,H,Greenwich,E09000011,Woolwich Dockyard,E05014094,,999999,Greenwich 005,E02000317,Greenwich 005F,E01034173,Greenwich and Woolwich,E14001257,GB,United Kingdom,2,Does not have a sixth form,PSG,SY2425
10078044,100146,Wyborne Primary School,Local authority maintained schools,4,,,Community school,01,,,Not applicable,00,Greenwich,203,,,Not applicable,00,Not applicable,00,ROYAL BOROUGH OF GREENWICH,10003990,,,LA,,,Open,1,Primary,2,3,11,2662,2032662,SE9 2EH,London,Footscray Road,New Eltham,,Not applicable,0,999,,,,,London,H,Greenwich,E09000011,Eltham Town & Avery Hill,E05014079,,999999,Greenwich 030,E02000342,Greenwich 030D,E01001619,Eltham and Chislehurst,E14001223,GB,United Kingdom,2,Does not have a sixth form,PSG,SY2425
